id,restaurant_name,reviewer_name,review_text,rating,date_of_visit,location
0,Штрудель,Тимофій Калениченко,Рекомендую це місце для гарного вечора,2,2023-03-14,Буськ
1,Львівська мануфактура кави,Володимир Наливайко,Чудова атмосфера та швидке обслуговування.,3,2024-01-12,Буринь
2,Друзі,Спас Каденюк,Не вражений обслуговуванням та якістю їжі.,4,2022-05-25,Чигирин
3,Львівська майстерня,Яків Цимбалюк,Чудова атмосфера та швидке обслуговування.,3,2023-03-14,Курахове
4,Львівська мануфактура кави,Орина Нестеренко,Приємна музика та оригінальний інтер'єр.,3,2023-12-17,Сокаль
5,Всі свої,Святослав Павличенко,Завжди свіжі продукти та широкий вибір страв.,5,2022-05-01,Червоносів
6,Всі свої,Лариса Яремків,Не вражений обслуговуванням та якістю їжі.,3,2024-02-10,Городище 
7,Штрудель,Онисим Хорішко,Веселе місце для зустрічей та вечірок.,2,2023-02-15,Васильків
8,Реберня,Леонтій Яковенко,Рекомендую це місце для гарного вечора,2,2022-08-06,Соледар
9,Всі свої,Устим Шморгун,Приємна музика та оригінальний інтер'єр.,3,2023-11-08,Пустомити
10,Пузата хата,Михайлина Шовкопляс,Рекомендую це місце для гарного вечора,3,2023-03-14,Кременчук
11,Пʼяна вишня,Емілія Масляк,Приємна музика та оригінальний інтер'єр.,2,2023-03-22,Обухів
12,Копальня кави,Назар Вергун,Смачні страви за доступною ціною.,2,2023-04-16,Балта
13,Копальня кави,Еріка Луценко,Дуже смачна кухня та привітний персонал.,2,2023-09-15,Світлодарськ
14,Реберня,Едита Гресь,Веселе місце для зустрічей та вечірок.,5,2022-07-04,Кремінна
15,Shoco,Єлисавета Сірченко,Швидке приготування та гарний вигляд страв.,2,2023-12-02,Вознесенськ
16,Друзі,Альберт Данькевич,Веселе місце для зустрічей та вечірок.,3,2022-12-01,Шахтарськ
17,Домашка,Ольга Байда,Невідповідний сервіс та дорогі ціни на меню.,5,2022-03-05,Южноукраїнськ
18,Домашка,Симон Ющенко,Невідповідний сервіс та дорогі ціни на меню.,1,2022-10-19,Шахтарськ
19,Львівська мануфактура кави,Святослав Абраменко,Завжди свіжі продукти та широкий вибір страв.,2,2023-05-27,Ватутіне
20,Штрудель,Болеслав Дробʼязко,Чудова атмосфера та швидке обслуговування.,4,2023-04-02,Болград
21,Всі свої,Леон Чумак,Смачні страви за доступною ціною.,4,2022-06-19,Апостолове
22,Sowa,Костянтин Андрійович,Смачні страви за доступною ціною.,3,2023-12-09,Авдіївка
23,Буфет,Павло Носаченко,Дуже смачна кухня та привітний персонал.,5,2023-02-24,Торецьк
24,Домашка,Миколай Колодуб,Не вражений обслуговуванням та якістю їжі.,5,2024-01-28,Старий Крим
25,Всі свої,Вікторія Ґоляш,Швидке приготування та гарний вигляд страв.,2,2022-05-13,Ровеньки
26,Колос,Франц Зарудний,Не вражений обслуговуванням та якістю їжі.,1,2024-02-17,Березань 
27,Друзі,Христина Яремчук,Веселе місце для зустрічей та вечірок.,1,2022-08-07,Березівка
28,Друзі,Олена Ковпак,Веселе місце для зустрічей та вечірок.,2,2023-01-15,Добропілля
29,Sowa,Охрім Чумак,Не вражений обслуговуванням та якістю їжі.,4,2024-01-23,Ковель
30,Sowa,Віра Салій,Чудова атмосфера та швидке обслуговування.,4,2023-08-24,Лисичанськ
31,Копальня кави,Олесь Ващук,Чудова атмосфера та швидке обслуговування.,5,2022-09-05,Нове Давидково
32,Колос,Гліб Лагода,Невідповідний сервіс та дорогі ціни на меню.,1,2022-07-08,Новоселиця
33,Sowa,Борис Гузенко,Дуже смачна кухня та привітний персонал.,3,2023-07-13,Старобільськ
34,Львівська майстерня,Дмитро Василашко,Дуже смачна кухня та привітний персонал.,0,2023-01-03,Снігурівка
35,Колос,Леонід Гук,Не вражений обслуговуванням та якістю їжі.,5,2024-01-15,Бровари
36,Львівська мануфактура кави,Леонід Кащенко,Чудова атмосфера та швидке обслуговування.,5,2023-04-04,Липовець
37,Колос,Богуслава Медведенко,Веселе місце для зустрічей та вечірок.,4,2022-02-27,Кривий Ріг
38,Копальня кави,Олекса Швачка,Чудова атмосфера та швидке обслуговування.,1,2022-04-27,Новий Розділ
39,Всі свої,Оксенія Верхола,Веселе місце для зустрічей та вечірок.,3,2023-06-18,Іловайськ
40,Всі свої,Святослава Слюсар,Не вражений обслуговуванням та якістю їжі.,5,2023-03-31,Харків
41,Домашка,Климент Шило,Невідповідний сервіс та дорогі ціни на меню.,2,2024-01-01,Люботин
42,Сто років тому вперед,Софія Яремчук,Невідповідний сервіс та дорогі ціни на меню.,5,2022-05-17,Вознесенськ
43,Sowa,Роксолана Колодуб,Рекомендую це місце для гарного вечора,5,2023-01-17,Калинівка 
44,Shoco,Єлисавета Якимчук,Швидке приготування та гарний вигляд страв.,1,2023-05-09,Новий Буг
45,Пʼяна вишня,Устим Артимович,Веселе місце для зустрічей та вечірок.,4,2022-05-06,Татарбунари
46,Всі свої,Олександр Франчук,Чудова атмосфера та швидке обслуговування.,4,2023-03-15,Вознесенськ
47,Штрудель,Христина Сацюк,Приємна музика та оригінальний інтер'єр.,4,2023-07-29,Турка
48,Копальня кави,Володимира Баранник,Рекомендую це місце для гарного вечора,3,2023-12-17,Дергачі
49,Shoco,Камілла Дурдинець,Невідповідний сервіс та дорогі ціни на меню.,1,2022-04-26,Берислав
50,Sowa,Володимира Цимбал,Швидке приготування та гарний вигляд страв.,1,2022-09-12,Верхівцеве
51,Sowa,Соломія Дахно,Веселе місце для зустрічей та вечірок.,3,2023-09-25,Дубляни
52,Буфет,Веніямин Худобʼяк,Невідповідний сервіс та дорогі ціни на меню.,1,2023-05-19,Красногорівка
53,Сто років тому вперед,Арсен Габелко,Чудова атмосфера та швидке обслуговування.,5,2022-11-25,Косів
54,Sowa,Розалія Кащенко,Рекомендую це місце для гарного вечора,3,2023-07-07,Чистякове
55,Львівська майстерня,Аніта Жадан,Не вражений обслуговуванням та якістю їжі.,3,2023-06-03,Новогродівка
56,Друзі,Дан Швачко,Смачні страви за доступною ціною.,4,2023-09-26,Могилів-Подільський
57,Штрудель,Соломон Бабариченко,Рекомендую це місце для гарного вечора,2,2022-06-18,Географія Вільнянська
58,Пузата хата,Анастасія Голобородько,Рекомендую це місце для гарного вечора,1,2022-05-23,Баранівка
59,Львівська майстерня,Богуслав Авдєєнко,Смачні страви за доступною ціною.,1,2023-12-21,Кам'янка (Черкаська область)
60,Буфет,Антон Носенко,Смачні страви за доступною ціною.,5,2022-04-27,Кальміуське
61,Копальня кави,Пріска Проценко,Смачні страви за доступною ціною.,4,2022-10-14,Здолбунів
62,Sowa,Володимира Вишиваний,Смачні страви за доступною ціною.,3,2023-06-14,Сєвєродонецьк
63,Сто років тому вперед,Аліна Петрик,Швидке приготування та гарний вигляд страв.,2,2022-07-21,Перевальськ
64,Реберня,Оксенія Ковпак,Завжди свіжі продукти та широкий вибір страв.,5,2023-07-19,Брянка
65,Копальня кави,Данна Єсипенко,Рекомендую це місце для гарного вечора,4,2023-12-26,Малин
66,Всі свої,Микита Охріменко,Смачні страви за доступною ціною.,2,2023-01-26,Сокиряни
67,Копальня кави,Варфоломій Коваленко,Швидке приготування та гарний вигляд страв.,1,2022-07-28,Олександрія
68,Копальня кави,Ярослава Михайлюк,Швидке приготування та гарний вигляд страв.,3,2023-07-08,Амвросіївка
69,Львівська майстерня,Опанас Матвієнко,Приємна музика та оригінальний інтер'єр.,2,2022-06-13,Старий Самбір
70,Shoco,Сергій Ніколюк,Невідповідний сервіс та дорогі ціни на меню.,5,2023-12-27,Вилкове
71,Пʼяна вишня,Тетяна Щорс,Не вражений обслуговуванням та якістю їжі.,2,2023-03-16,Ржищів
72,Львівська майстерня,Амалія Величко,Чудова атмосфера та швидке обслуговування.,3,2023-04-04,Іршава
73,Пузата хата,Лариса Андрусенко,Завжди свіжі продукти та широкий вибір страв.,1,2023-05-06,Мелітополь
74,Львівська мануфактура кави,Степан Колісниченко,Рекомендую це місце для гарного вечора,5,2023-02-11,Новий Буг
75,Львівська мануфактура кави,Іван Дрозд,Дуже смачна кухня та привітний персонал.,4,2023-10-15,Попасна
76,Домашка,Соломія Царенко,Чудова атмосфера та швидке обслуговування.,1,2022-04-24,Золотоноша
77,Друзі,Трохим Височан,Не вражений обслуговуванням та якістю їжі.,1,2022-10-10,Сарни
78,Пузата хата,Максим Макогон,Не вражений обслуговуванням та якістю їжі.,2,2023-03-03,Саки 
79,Копальня кави,Анжела Їжак,Не вражений обслуговуванням та якістю їжі.,3,2023-06-14,Коростень
80,Буфет,Устим Назаренко,Дуже смачна кухня та привітний персонал.,1,2022-03-16,Сокаль
81,Друзі,Опанас Аверченко,Рекомендую це місце для гарного вечора,2,2023-04-05,Добропілля
82,Сто років тому вперед,Зорян Воблий,Рекомендую це місце для гарного вечора,5,2023-03-06,Соледар
83,Львівська мануфактура кави,Єлисавета Теличенко,Смачні страви за доступною ціною.,5,2023-01-03,Ланівці
84,Пʼяна вишня,Тереза Данильчук,Смачні страви за доступною ціною.,4,2022-11-19,Городня
85,Пʼяна вишня,Степан Шухевич,Не вражений обслуговуванням та якістю їжі.,5,2022-04-30,Полонне
86,Всі свої,Орина Сірченко,Дуже смачна кухня та привітний персонал.,2,2023-10-21,Українськ
87,Реберня,Гаврило Слюсар,Швидке приготування та гарний вигляд страв.,3,2022-09-27,Татарбунари
88,Копальня кави,Симон Іванченко,Невідповідний сервіс та дорогі ціни на меню.,2,2023-05-11,Бібрка
89,Shoco,Святослав Алексеєнко,Чудова атмосфера та швидке обслуговування.,3,2023-08-29,Роздільна
90,Пузата хата,Аарон Онуфрієнко,Завжди свіжі продукти та широкий вибір страв.,2,2022-06-22,Мукачево
91,Сто років тому вперед,Арсен Ільченко,Веселе місце для зустрічей та вечірок.,3,2023-08-26,Дубровиця
92,Сто років тому вперед,Ірена Дробʼязко,Веселе місце для зустрічей та вечірок.,2,2023-10-29,Довжанськ
93,Всі свої,Єлисавета Ященко,Завжди свіжі продукти та широкий вибір страв.,1,2022-05-30,Бурштин 
94,Пʼяна вишня,Пріска Гунько,Завжди свіжі продукти та широкий вибір страв.,2,2023-09-21,Кам'янське
95,Копальня кави,Омелян Гресь,Приємна музика та оригінальний інтер'єр.,5,2023-09-24,Олешки
96,Сто років тому вперед,Анжела Юхименко,Завжди свіжі продукти та широкий вибір страв.,1,2023-05-24,Павлоград
97,Sowa,Ілля Василевич,Швидке приготування та гарний вигляд страв.,3,2022-05-02,Первомайський 
98,Львівська мануфактура кави,Пантелеймон Демʼяненко,Швидке приготування та гарний вигляд страв.,4,2024-01-17,Новодністровськ
99,Львівська мануфактура кави,Марина Гавриленко,Дуже смачна кухня та привітний персонал.,1,2022-06-08,Заводське
100,Буфет,Едуард Алексійчук,Чудова атмосфера та швидке обслуговування.,5,2022-12-01,Кам'янка-Дніпровська
101,Копальня кави,Клавдія Іванченко,Не вражений обслуговуванням та якістю їжі.,4,2023-01-10,Чорнобиль
102,Реберня,Лесь Штокало,Веселе місце для зустрічей та вечірок.,5,2023-06-25,Таврійськ
103,Буфет,Ганна Сич,Завжди свіжі продукти та широкий вибір страв.,1,2022-03-04,Перещепине
104,Sowa,Еріка Охріменко,Смачні страви за доступною ціною.,2,2023-01-15,Монастирище
105,Львівська мануфактура кави,Еріка Кащенко,Не вражений обслуговуванням та якістю їжі.,2,2022-09-22,Рожище
106,Sowa,Гліб Ващенко-Захарченко,Приємна музика та оригінальний інтер'єр.,1,2024-01-25,Трускавець
107,Shoco,Христина Онищенко,Невідповідний сервіс та дорогі ціни на меню.,1,2023-07-27,Лохвиця
108,Буфет,Сніжана Романенко,Смачні страви за доступною ціною.,1,2024-01-03,Попасна
109,Shoco,Арсен Ткаченко,Дуже смачна кухня та привітний персонал.,3,2022-06-23,Тернівка 
110,Пʼяна вишня,Павло Данильчук,Дуже смачна кухня та привітний персонал.,2,2022-07-02,Костопіль
111,Колос,Сергій Деряжний,Рекомендую це місце для гарного вечора,5,2023-01-15,Тернівка 
112,Штрудель,Назар Цимбал,Рекомендую це місце для гарного вечора,2,2022-05-13,Чорнобиль
113,Sowa,Олег Чаленко,Невідповідний сервіс та дорогі ціни на меню.,4,2024-01-17,Горохів
114,Друзі,Віктор Гаврилець,Рекомендую це місце для гарного вечора,2,2022-10-16,Стебник
115,Пузата хата,Варфоломій Батюк,Швидке приготування та гарний вигляд страв.,1,2022-11-10,Вишневе 
116,Пузата хата,Аарон Сірченко,Чудова атмосфера та швидке обслуговування.,5,2023-01-13,Добропілля
117,Shoco,Захар Оліфіренко,Смачні страви за доступною ціною.,4,2023-11-26,Яремче
118,Пʼяна вишня,Ярослава Ковалюк,Невідповідний сервіс та дорогі ціни на меню.,5,2022-05-13,Тлумач
119,Штрудель,Ростислав Мазепа,Швидке приготування та гарний вигляд страв.,1,2022-12-20,Жовква
120,Копальня кави,Ада Аронець,Невідповідний сервіс та дорогі ціни на меню.,5,2023-10-15,Ізяслав
121,Львівська мануфактура кави,Демид Базавлученко,Невідповідний сервіс та дорогі ціни на меню.,1,2023-06-22,Ровеньки
122,Львівська мануфактура кави,Емілія Сірко,Швидке приготування та гарний вигляд страв.,1,2023-06-12,Любомль
123,Пʼяна вишня,Христина Цісик,Невідповідний сервіс та дорогі ціни на меню.,1,2023-02-16,Марганець 
124,Буфет,Климент Лазаренко,Швидке приготування та гарний вигляд страв.,3,2023-10-06,Красилів
125,Львівська мануфактура кави,Едита Теличенко,Рекомендую це місце для гарного вечора,4,2022-07-26,Євпаторія
126,Shoco,Вікторія Авраменко,Невідповідний сервіс та дорогі ціни на меню.,2,2022-03-20,Золоте
127,Львівська мануфактура кави,Едита Мазур,Швидке приготування та гарний вигляд страв.,3,2022-05-08,Борзна
128,Штрудель,Пріска Щорс,Не вражений обслуговуванням та якістю їжі.,4,2022-04-19,Новоград-Волинський
129,Друзі,Маруся Дрозд,Веселе місце для зустрічей та вечірок.,5,2023-02-12,Одеса
130,Пʼяна вишня,Людмила Гавришкевич,Швидке приготування та гарний вигляд страв.,3,2023-05-26,Комарно
131,Sowa,Марта Мірошниченко,Чудова атмосфера та швидке обслуговування.,4,2023-02-04,Ічня
132,Штрудель,Данна Бабій,Веселе місце для зустрічей та вечірок.,4,2023-05-03,Лубни
133,Shoco,Орися Баранець,Рекомендую це місце для гарного вечора,1,2024-01-06,Зіньків
134,Всі свої,Климент Скопенко,Чудова атмосфера та швидке обслуговування.,1,2023-02-05,Мерефа
135,Всі свої,Наталія Штокало,Дуже смачна кухня та привітний персонал.,3,2023-04-21,Костопіль
136,Буфет,Софія Жарко,Приємна музика та оригінальний інтер'єр.,3,2023-06-03,Лохвиця
137,Колос,Борис Дробʼязко,Приємна музика та оригінальний інтер'єр.,4,2022-10-14,Слов'янськ
138,Sowa,Ілля Хомик,Веселе місце для зустрічей та вечірок.,5,2022-09-17,Красноперекопськ
139,Буфет,Богданна Данькевич,Не вражений обслуговуванням та якістю їжі.,5,2023-03-19,Харків
140,Домашка,Людмила Савенко,Не вражений обслуговуванням та якістю їжі.,1,2023-04-15,Макіївка
141,Всі свої,Ілля Михайлюк,Дуже смачна кухня та привітний персонал.,4,2023-02-08,Нова Одеса
142,Shoco,Ірена Лесик,Не вражений обслуговуванням та якістю їжі.,4,2023-09-18,Снятин
143,Львівська майстерня,Віолетта Закусило,Чудова атмосфера та швидке обслуговування.,1,2023-03-27,Новий Буг
144,Львівська мануфактура кави,Опанас Франчук,Невідповідний сервіс та дорогі ціни на меню.,5,2022-06-24,Подільськ
145,Sowa,Алла Рудик,Рекомендую це місце для гарного вечора,3,2022-11-10,Городенка
146,Всі свої,Левко Хомик,Не вражений обслуговуванням та якістю їжі.,5,2022-08-23,Мукачево
147,Сто років тому вперед,Орест Їжакевич,Смачні страви за доступною ціною.,1,2023-07-15,Брянка
148,Всі свої,Ростислав Бабійчук,Швидке приготування та гарний вигляд страв.,3,2022-05-01,Галич
149,Буфет,Марта Притула,Приємна музика та оригінальний інтер'єр.,2,2023-02-14,Моршин
150,Пʼяна вишня,Лілія Скиба,Веселе місце для зустрічей та вечірок.,4,2023-03-25,Олександрівськ
151,Домашка,Алла Корпанюк,Не вражений обслуговуванням та якістю їжі.,3,2023-02-20,Сулимівка (Слов'янськ)
152,Всі свої,Максим Аврамчук,Не вражений обслуговуванням та якістю їжі.,3,2023-02-21,Новомосковськ
153,Домашка,Адам Хоменко,Рекомендую це місце для гарного вечора,2,2023-08-02,Долинська
154,Всі свої,Георгій Рябченко,Приємна музика та оригінальний інтер'єр.,4,2024-01-06,Покровськ
155,Львівська майстерня,Святослава Іваничук,Невідповідний сервіс та дорогі ціни на меню.,4,2022-05-12,Каховка
156,Домашка,Адам Лубенець,Швидке приготування та гарний вигляд страв.,1,2023-07-07,Хорол 
157,Домашка,Ярина Єрченко,Не вражений обслуговуванням та якістю їжі.,5,2023-12-27,Вільнянськ
158,Sowa,Богданна Франко,Швидке приготування та гарний вигляд страв.,1,2024-01-06,Буськ
159,Пʼяна вишня,Аліна Якименко,Рекомендую це місце для гарного вечора,3,2023-09-13,Нове Давидково
160,Реберня,Єлисавета Жаліло,Веселе місце для зустрічей та вечірок.,5,2024-01-19,Пологи 
161,Львівська мануфактура кави,Гордій Ніколюк,Невідповідний сервіс та дорогі ціни на меню.,2,2023-04-27,Кіцмань
162,Пʼяна вишня,Геннадій Луценко,Чудова атмосфера та швидке обслуговування.,2,2023-08-04,Мерефа
163,Друзі,Опанас Чумаченко,Завжди свіжі продукти та широкий вибір страв.,1,2023-02-23,Інкерман
164,Копальня кави,Наталія Ємець,Швидке приготування та гарний вигляд страв.,3,2022-11-17,Герца
165,Shoco,Аліна Матвієнко,Приємна музика та оригінальний інтер'єр.,2,2024-01-27,Курахове
166,Sowa,Устим Вдовиченко,Приємна музика та оригінальний інтер'єр.,5,2023-06-01,Карлівка
167,Львівська мануфактура кави,Ірена Скорик,Невідповідний сервіс та дорогі ціни на меню.,2,2023-11-21,Белз
168,Пузата хата,Вікторія Іваничук,Приємна музика та оригінальний інтер'єр.,3,2022-10-06,Рівне
169,Пʼяна вишня,Сніжана Єрмоленко,Веселе місце для зустрічей та вечірок.,5,2023-01-15,Хрестівка
170,Пузата хата,Демʼян Свириденко,Невідповідний сервіс та дорогі ціни на меню.,2,2022-05-18,Нова Одеса
171,Sowa,Варвара Бандура,Невідповідний сервіс та дорогі ціни на меню.,3,2022-03-27,Нова Каховка
172,Штрудель,Адам Алексійчук,Чудова атмосфера та швидке обслуговування.,4,2023-07-01,Бахмут
173,Sowa,Ярема Ющенко,Чудова атмосфера та швидке обслуговування.,2,2022-03-08,Берислав
174,Пузата хата,Миколай Ткаченко,Рекомендую це місце для гарного вечора,1,2023-12-26,Донецьк
175,Реберня,Єва Дубенко,Смачні страви за доступною ціною.,3,2023-06-25,Світлодарськ
176,Sowa,Ігор Бгиденко,Чудова атмосфера та швидке обслуговування.,5,2022-11-15,Помічна
177,Пузата хата,Зорян Свириденко,Невідповідний сервіс та дорогі ціни на меню.,1,2023-06-04,Берестечко
178,Колос,Ігнат Демиденко,Не вражений обслуговуванням та якістю їжі.,5,2023-11-12,Покровськ
179,Копальня кави,Руслан Лубенець,Швидке приготування та гарний вигляд страв.,3,2022-04-22,Балта
180,Копальня кави,Дарина Шутько,Смачні страви за доступною ціною.,1,2022-09-19,Збараж
181,Всі свої,Надія Влох,Невідповідний сервіс та дорогі ціни на меню.,1,2022-10-24,Дебальцеве
182,Всі свої,Петро Бгиденко,Смачні страви за доступною ціною.,4,2023-02-09,Павлоград
183,Всі свої,Варвара Запорожець,Веселе місце для зустрічей та вечірок.,3,2022-09-05,Ізмаїл
184,Копальня кави,Дарина Василечко,Приємна музика та оригінальний інтер'єр.,3,2023-03-06,Богодухів
185,Sowa,Святослава Ґоляш,Чудова атмосфера та швидке обслуговування.,5,2023-03-18,Канів
186,Сто років тому вперед,Златослава Пʼятаченко,Дуже смачна кухня та привітний персонал.,4,2022-11-03,Бориспіль
187,Штрудель,Тетяна Корсун,Невідповідний сервіс та дорогі ціни на меню.,3,2022-08-10,Київ
188,Пузата хата,Гліб Коваленко,Не вражений обслуговуванням та якістю їжі.,1,2023-11-11,Олевськ
189,Всі свої,Георгій Гайденко,Невідповідний сервіс та дорогі ціни на меню.,4,2022-09-03,Іллінці
190,Буфет,Оксана Гуцуляк,Не вражений обслуговуванням та якістю їжі.,4,2023-11-25,Шепетівка
191,Shoco,Пантелеймон Затула,Дуже смачна кухня та привітний персонал.,2,2022-12-09,Ясинувата
192,Пʼяна вишня,Ростислав Орлик,Рекомендую це місце для гарного вечора,1,2022-11-14,Борислав
193,Львівська мануфактура кави,Дмитро Яковенко,Не вражений обслуговуванням та якістю їжі.,3,2022-08-10,Географія Вільнянська
194,Домашка,Роксолана Акуленко,Швидке приготування та гарний вигляд страв.,1,2022-11-29,Свалява
195,Пʼяна вишня,Тимофій Тригуб,Приємна музика та оригінальний інтер'єр.,2,2023-03-18,Калинівка 
196,Буфет,Любов Приймак,Невідповідний сервіс та дорогі ціни на меню.,1,2022-08-29,Миколаївка 
197,Копальня кави,Орхип Демʼянчук,Завжди свіжі продукти та широкий вибір страв.,5,2022-03-01,Малин
198,Друзі,Юстим Вдовенко,Невідповідний сервіс та дорогі ціни на меню.,4,2022-06-16,Червоноград
199,Львівська мануфактура кави,Едита Свистун,Не вражений обслуговуванням та якістю їжі.,1,2022-05-02,Мостиська
200,Shoco,Богдан Сомко,Смачні страви за доступною ціною.,3,2023-07-01,Ямпіль
201,Копальня кави,Георгій Колесниченко,Смачні страви за доступною ціною.,5,2023-03-02,Лохвиця
202,Sowa,Альбіна Ємельяненко,Веселе місце для зустрічей та вечірок.,3,2023-02-22,Чорнобиль
203,Друзі,Наталія Швайка,Смачні страви за доступною ціною.,2,2024-02-15,Ямпіль
204,Штрудель,Алла Акуленко,Завжди свіжі продукти та широкий вибір страв.,1,2022-09-29,Червоносів
205,Пузата хата,Гліб Ванченко,Веселе місце для зустрічей та вечірок.,3,2023-10-09,Залізне
206,Штрудель,Леопольд Чалий,Веселе місце для зустрічей та вечірок.,5,2023-06-06,Чорнобиль
207,Львівська мануфактура кави,Соломія Михалюк,Завжди свіжі продукти та широкий вибір страв.,3,2023-03-20,Немирів
208,Колос,Петро Саченко,Чудова атмосфера та швидке обслуговування.,2,2023-05-17,Географія Вільнянська
209,Колос,Остап Дурдинець,Дуже смачна кухня та привітний персонал.,1,2023-02-26,Дебальцеве
210,Штрудель,Опанас Ґжицький,Швидке приготування та гарний вигляд страв.,5,2023-12-07,Радомишль
211,Пузата хата,Вадим Данько,Смачні страви за доступною ціною.,1,2022-12-24,Берислав
212,Сто років тому вперед,Марія Гайденко,Невідповідний сервіс та дорогі ціни на меню.,4,2023-10-24,Апостолове
213,Пʼяна вишня,Едуард Іщак,Не вражений обслуговуванням та якістю їжі.,1,2022-07-03,Берестечко
214,Sowa,Андрій Батіг,Приємна музика та оригінальний інтер'єр.,3,2023-04-02,Надвірна
215,Львівська майстерня,Борислав Савенко,Приємна музика та оригінальний інтер'єр.,3,2023-02-04,Сторожинець
216,Всі свої,Альбіна Колісниченко,Не вражений обслуговуванням та якістю їжі.,5,2022-11-12,Новодністровськ
217,Друзі,Ярослав Єрьоменко,Приємна музика та оригінальний інтер'єр.,4,2023-01-29,Шумськ
218,Львівська майстерня,Алевтин Бездітко,Веселе місце для зустрічей та вечірок.,2,2022-10-11,Галич
219,Пʼяна вишня,Устим Талан,Веселе місце для зустрічей та вечірок.,2,2022-10-14,Тернопіль
220,Пузата хата,Златослава Іщенко,Завжди свіжі продукти та широкий вибір страв.,3,2023-03-02,Новомиргород
221,Sowa,Федір Ващук,Чудова атмосфера та швидке обслуговування.,5,2022-12-13,Путивль
222,Всі свої,Любов Швачко,Смачні страви за доступною ціною.,1,2023-05-26,Молодогвардійськ
223,Друзі,Мирослав Годунок,Невідповідний сервіс та дорогі ціни на меню.,3,2022-07-30,Красилів
224,Пʼяна вишня,Альберт Заруба,Веселе місце для зустрічей та вечірок.,5,2023-12-29,Кременець
225,Львівська майстерня,Лариса Масляк,Невідповідний сервіс та дорогі ціни на меню.,1,2022-10-11,Заставна
226,Всі свої,Тимофій Нестайко,Завжди свіжі продукти та широкий вибір страв.,1,2022-11-04,Бахмач
227,Буфет,Василина Копитко,Веселе місце для зустрічей та вечірок.,4,2022-10-18,Батурин
228,Домашка,Ростислав Деревʼянко,Завжди свіжі продукти та широкий вибір страв.,3,2023-05-16,Вугледар
229,Львівська мануфактура кави,Єва Андріїшин,Чудова атмосфера та швидке обслуговування.,5,2023-09-02,Золотоноша
230,Пʼяна вишня,Емілія Височан,Невідповідний сервіс та дорогі ціни на меню.,5,2022-03-18,Перемишляни
231,Колос,Софія Конопля,Не вражений обслуговуванням та якістю їжі.,1,2023-08-28,Іловайськ
232,Колос,Камілла Давимука,Швидке приготування та гарний вигляд страв.,3,2023-02-03,Миколаїв
233,Штрудель,Олесь Ажажа,Смачні страви за доступною ціною.,2,2023-03-02,Борщів
234,Домашка,Теодор Сагаль,Веселе місце для зустрічей та вечірок.,4,2022-08-16,Першотравенськ
235,Львівська мануфактура кави,Надія Колесниченко,Приємна музика та оригінальний інтер'єр.,5,2022-12-17,Сокиряни
236,Львівська мануфактура кави,Устим Башполченко,Завжди свіжі продукти та широкий вибір страв.,3,2022-11-08,Радехів
237,Sowa,Богуслава Бевзенко,Невідповідний сервіс та дорогі ціни на меню.,2,2022-04-28,Гадяч
238,Shoco,Володимир Парасюк,Швидке приготування та гарний вигляд страв.,4,2023-02-02,Ватутіне
239,Копальня кави,Тереза Дрозденко,Швидке приготування та гарний вигляд страв.,4,2023-03-19,Перещепине
240,Штрудель,Тарас Вернигора,Приємна музика та оригінальний інтер'єр.,1,2023-11-14,Балаклія
241,Штрудель,Христина Авдєєнко,Рекомендую це місце для гарного вечора,4,2023-07-08,Кам'янець-Подільський
242,Львівська мануфактура кави,Августин Копитко,Дуже смачна кухня та привітний персонал.,0,2022-10-14,Ічня
243,Львівська майстерня,Святослав Канівець,Приємна музика та оригінальний інтер'єр.,3,2023-02-21,Звенигородка
244,Копальня кави,Адам Ємельяненко,Не вражений обслуговуванням та якістю їжі.,3,2023-08-06,Чернігів
245,Сто років тому вперед,Петро Зайченко,Завжди свіжі продукти та широкий вибір страв.,1,2023-08-19,Красилів
246,Sowa,Камілла Ткач,Смачні страви за доступною ціною.,4,2023-04-08,Хмільник
247,Всі свої,Любов Пустовіт,Чудова атмосфера та швидке обслуговування.,4,2022-09-30,Заводське
248,Реберня,Василина Штокало,Приємна музика та оригінальний інтер'єр.,2,2024-01-26,Стебник
249,Львівська майстерня,Тереза Онуфрієнко,Невідповідний сервіс та дорогі ціни на меню.,0,2022-09-11,Світлодарськ
250,Львівська майстерня,Ярослава Вівчаренко,Швидке приготування та гарний вигляд страв.,2,2023-08-06,Малин
251,Колос,Гаврило Вертипорох,Швидке приготування та гарний вигляд страв.,5,2022-09-20,Новодністровськ
252,Копальня кави,Орхип Рудько,Не вражений обслуговуванням та якістю їжі.,3,2023-11-19,Лозова 
253,Львівська мануфактура кави,Спас Демʼяненко,Приємна музика та оригінальний інтер'єр.,5,2023-12-21,Лозова 
254,Друзі,Владислав Фурс,Не вражений обслуговуванням та якістю їжі.,4,2022-09-26,Болград
255,Друзі,Амалія Величко,Смачні страви за доступною ціною.,3,2023-03-08,Торецьк
256,Пузата хата,Лариса Єрченко,Дуже смачна кухня та привітний персонал.,3,2022-09-12,Деражня
257,Штрудель,Пармен Матяш,Приємна музика та оригінальний інтер'єр.,2,2023-02-27,Бобринець
258,Shoco,Ганна Матяш,Не вражений обслуговуванням та якістю їжі.,1,2023-07-04,Жовква
259,Пузата хата,Назар Єрошенко,Рекомендую це місце для гарного вечора,5,2023-06-03,Чернігів
260,Sowa,Богданна Рябовіл,Рекомендую це місце для гарного вечора,5,2023-08-19,Горішні Плавні
261,Реберня,Оксенія Свистун,Невідповідний сервіс та дорогі ціни на меню.,3,2022-10-23,Хотин
262,Львівська мануфактура кави,Зорян Авдєєнко,Веселе місце для зустрічей та вечірок.,2,2022-08-03,Рені
263,Сто років тому вперед,Віолетта Атаманюк,Чудова атмосфера та швидке обслуговування.,2,2022-09-22,Баштанка
264,Колос,Христина Жук,Рекомендую це місце для гарного вечора,3,2023-02-19,Коростень
265,Shoco,Едуард Якимчук,Швидке приготування та гарний вигляд страв.,2,2023-05-29,Черкаси
266,Львівська майстерня,Кирило Таран,Приємна музика та оригінальний інтер'єр.,3,2023-06-03,Іллінці
267,Сто років тому вперед,Гліб Вдовенко,Приємна музика та оригінальний інтер'єр.,1,2023-03-20,Устилуг
268,Колос,Ярина Аврамчук,Чудова атмосфера та швидке обслуговування.,2,2022-08-12,Південне 
269,Колос,Богданна Титаренко,Рекомендую це місце для гарного вечора,1,2023-04-18,Єнакієве
270,Sowa,Алевтин Забара,Не вражений обслуговуванням та якістю їжі.,2,2023-03-06,Вишневе 
271,Пʼяна вишня,Розалія Свистун,Приємна музика та оригінальний інтер'єр.,1,2022-04-22,Красилів
272,Колос,Онисим Шинкаренко,Не вражений обслуговуванням та якістю їжі.,5,2023-07-23,Курахове
273,Всі свої,Лариса Дараган,Приємна музика та оригінальний інтер'єр.,4,2022-05-30,Гуляйполе
274,Колос,Василина Їжакевич,Смачні страви за доступною ціною.,5,2022-09-03,Ананьїв
275,Копальня кави,Павло Гречаник,Завжди свіжі продукти та широкий вибір страв.,2,2022-04-17,Рудки
276,Буфет,Ігнат Дейсун,Швидке приготування та гарний вигляд страв.,2,2023-07-31,Ялта
277,Всі свої,Стефан Бабʼюк,Веселе місце для зустрічей та вечірок.,2,2022-10-05,Вільнянськ
278,Копальня кави,Орися Радченко,Веселе місце для зустрічей та вечірок.,1,2022-04-22,Монастирище
279,Буфет,Аарон Дробʼязко,Швидке приготування та гарний вигляд страв.,2,2023-01-06,Хирів
280,Львівська мануфактура кави,Пріска Дубина,Швидке приготування та гарний вигляд страв.,3,2023-02-06,Кремінна
281,Реберня,Марʼяна Кириленко,Смачні страви за доступною ціною.,1,2023-11-02,Тиврів
282,Реберня,Златослава Остапчук,Рекомендую це місце для гарного вечора,3,2022-04-21,Черкаси
283,Sowa,Вікторія Пелех,Дуже смачна кухня та привітний персонал.,3,2022-09-03,Ананьїв
284,Буфет,Аліна Назаренко,Веселе місце для зустрічей та вечірок.,5,2022-04-05,Ірміно
285,Всі свої,Амалія Скиба,Швидке приготування та гарний вигляд страв.,5,2023-08-20,Бучач
286,Пузата хата,Прохір Дробаха,Завжди свіжі продукти та широкий вибір страв.,4,2023-01-18,Львів
287,Друзі,Богдан Нестайко,Завжди свіжі продукти та широкий вибір страв.,2,2022-03-14,Скалат
288,Штрудель,Одарка Даниленко,Не вражений обслуговуванням та якістю їжі.,1,2022-09-05,Скадовськ
289,Всі свої,Ярема Артюшенко,Приємна музика та оригінальний інтер'єр.,3,2023-03-21,Зміїв
290,Пʼяна вишня,Леонід Бакуменко,Смачні страви за доступною ціною.,0,2022-04-15,Ананьїв
291,Пузата хата,Анастасія Скоробогатько,Рекомендую це місце для гарного вечора,1,2023-04-09,Липовець
292,Штрудель,Анастасія Кармалюк,Чудова атмосфера та швидке обслуговування.,3,2022-12-19,Тячів
293,Колос,Христина Заєць,Рекомендую це місце для гарного вечора,3,2023-01-19,Кам'янське
294,Домашка,Златослава Андрейко,Не вражений обслуговуванням та якістю їжі.,3,2022-08-21,Миргород
295,Буфет,Леонід Сагаль,Завжди свіжі продукти та широкий вибір страв.,5,2023-11-10,Хрестівка
296,Всі свої,Богданна Лукаш,Чудова атмосфера та швидке обслуговування.,4,2023-05-07,Дубно
297,Львівська майстерня,Святослав Хмара,Веселе місце для зустрічей та вечірок.,5,2023-09-06,Іллінці
298,Буфет,Семен Литвин,Веселе місце для зустрічей та вечірок.,5,2023-12-23,Білгород-Дністровський
299,Sowa,Юстина Гречко,Приємна музика та оригінальний інтер'єр.,4,2023-10-31,Гнівань
300,Shoco,Устим Іваненко,Смачні страви за доступною ціною.,5,2022-05-10,Сокаль
301,Колос,Панас Парасюк,Рекомендую це місце для гарного вечора,1,2022-05-11,Волноваха
302,Домашка,Григорій Матвієнко,Дуже смачна кухня та привітний персонал.,4,2022-06-08,Герца
303,Друзі,Камілла Міщенко,Завжди свіжі продукти та широкий вибір страв.,1,2024-02-20,Лозова 
304,Shoco,Віра Фаренюк,Не вражений обслуговуванням та якістю їжі.,4,2022-06-24,Монастириська
305,Пʼяна вишня,Йосип Прокопович,Завжди свіжі продукти та широкий вибір страв.,4,2022-12-04,Горлівка
306,Домашка,Едуард Черінько,Приємна музика та оригінальний інтер'єр.,4,2023-08-27,Мена 
307,Sowa,Богуслав Рябець,Смачні страви за доступною ціною.,1,2022-07-27,Богуслав
308,Львівська майстерня,Олена Лаба,Приємна музика та оригінальний інтер'єр.,1,2022-08-28,Львів
309,Сто років тому вперед,Микита Шиян,Чудова атмосфера та швидке обслуговування.,3,2023-04-14,Новояворівськ
310,Shoco,Амвросій Бабко,Приємна музика та оригінальний інтер'єр.,2,2023-06-27,Сарни
311,Копальня кави,Антон Титаренко,Приємна музика та оригінальний інтер'єр.,5,2023-06-29,Перещепине
312,Штрудель,Марта Орлик,Смачні страви за доступною ціною.,1,2022-12-30,Боково-Хрустальне
313,Всі свої,Орест Туркало,Веселе місце для зустрічей та вечірок.,4,2023-11-08,Березне
314,Sowa,Вікторія Гайдабура,Невідповідний сервіс та дорогі ціни на меню.,4,2024-02-11,Хмельницький
315,Штрудель,Орхип Пелех,Приємна музика та оригінальний інтер'єр.,4,2023-11-20,Старобільськ
316,Штрудель,Охрім Штепа,Завжди свіжі продукти та широкий вибір страв.,2,2023-10-09,Первомайський 
317,Копальня кави,Дмитро Ірванець,Не вражений обслуговуванням та якістю їжі.,5,2023-03-10,Кагарлик
318,Штрудель,Марʼяна Панчук,Смачні страви за доступною ціною.,4,2023-06-09,Одеса
319,Пʼяна вишня,Юхим Теличенко,Смачні страви за доступною ціною.,4,2023-01-27,Алупка
320,Sowa,Давид Шутько,Дуже смачна кухня та привітний персонал.,1,2024-02-13,Бережани
321,Всі свої,Михайлина Матяш,Приємна музика та оригінальний інтер'єр.,5,2023-04-18,Стебник
322,Копальня кави,Надія Луценко,Смачні страви за доступною ціною.,5,2022-04-03,Горлівка
323,Штрудель,Федір Дахно,Рекомендую це місце для гарного вечора,5,2022-03-22,П'ятихатки
324,Shoco,Микита Яремків,Рекомендую це місце для гарного вечора,3,2023-12-05,Пирятин
325,Реберня,Віолетта Гречаник,Веселе місце для зустрічей та вечірок.,4,2022-09-23,Білозерське
326,Друзі,Ярослав Назаренко,Приємна музика та оригінальний інтер'єр.,5,2024-02-05,Жашків
327,Пузата хата,Христина Єрьоменко,Приємна музика та оригінальний інтер'єр.,1,2022-09-13,Кипуче
328,Пʼяна вишня,Пріска Верхола,Веселе місце для зустрічей та вечірок.,3,2022-10-03,Тульчин
329,Львівська мануфактура кави,Орися Черінько,Дуже смачна кухня та привітний персонал.,5,2023-09-26,Бориспіль
330,Львівська мануфактура кави,Данна Христенко,Не вражений обслуговуванням та якістю їжі.,3,2024-02-14,Гайворон
331,Львівська мануфактура кави,Ганна Гаврилюк,Завжди свіжі продукти та широкий вибір страв.,5,2023-03-25,Берегове
332,Друзі,Йосип Василашко,Не вражений обслуговуванням та якістю їжі.,4,2024-01-14,Берегове
333,Друзі,Адам Устенко,Завжди свіжі продукти та широкий вибір страв.,4,2023-02-20,Борислав
334,Sowa,Розалія Туркало,Дуже смачна кухня та привітний персонал.,1,2023-08-21,Овруч
335,Sowa,Аліна Бевз,Завжди свіжі продукти та широкий вибір страв.,4,2022-10-18,Гола Пристань
336,Sowa,Альбіна Черінько,Невідповідний сервіс та дорогі ціни на меню.,4,2022-12-17,Гірник 
337,Пузата хата,Марʼяна Баранник,Швидке приготування та гарний вигляд страв.,5,2022-11-25,Новий Розділ
338,Львівська мануфактура кави,Марта Павличенко,Не вражений обслуговуванням та якістю їжі.,4,2023-10-24,Узин
339,Sowa,Федір Теліженко,Завжди свіжі продукти та широкий вибір страв.,5,2024-01-27,Дрогобич
340,Копальня кави,Наталія Штепа,Смачні страви за доступною ціною.,5,2023-01-12,Верхньодніпровськ
341,Домашка,Данило Гайда,Дуже смачна кухня та привітний персонал.,4,2023-06-26,П'ятихатки
342,Домашка,Ірина Зінкевич,Приємна музика та оригінальний інтер'єр.,3,2022-12-16,Мар'їнка
343,Пузата хата,Алла Онуфрієнко,Завжди свіжі продукти та широкий вибір страв.,2,2023-06-27,Борзна
344,Пузата хата,Едуард Забашта,Дуже смачна кухня та привітний персонал.,2,2022-03-03,Золотоноша
345,Домашка,Богданна Левченко,Рекомендую це місце для гарного вечора,5,2023-07-24,Кропивницький
346,Shoco,Святослав Гузенко,Приємна музика та оригінальний інтер'єр.,3,2023-04-16,Ходорів
347,Буфет,Єфрем Дергач,Не вражений обслуговуванням та якістю їжі.,2,2023-12-04,Білопілля
348,Всі свої,Онисим Ващенко-Захарченко,Смачні страви за доступною ціною.,3,2022-11-16,Мостиська
349,Пузата хата,Оксана Яремків,Веселе місце для зустрічей та вечірок.,5,2023-11-04,Верхівцеве
350,Львівська мануфактура кави,Альберт Орлик,Чудова атмосфера та швидке обслуговування.,3,2023-05-01,Перечин
351,Штрудель,Адам Килимник,Чудова атмосфера та швидке обслуговування.,1,2023-07-19,Тлумач
352,Штрудель,Ганна Пʼятаченко,Швидке приготування та гарний вигляд страв.,5,2023-12-11,Лубни
353,Друзі,Юхим Девдюк,Не вражений обслуговуванням та якістю їжі.,3,2023-07-27,Перемишляни
354,Домашка,Ліза Вахній,Приємна музика та оригінальний інтер'єр.,2,2023-07-21,Алушта
355,Копальня кави,Тетяна Швачка,Дуже смачна кухня та привітний персонал.,3,2022-06-10,Соледар
356,Shoco,Дан Рябченко,Приємна музика та оригінальний інтер'єр.,1,2023-01-10,Чортків
357,Пузата хата,Ірена Ляшко,Дуже смачна кухня та привітний персонал.,2,2022-04-19,Ромни
358,Реберня,Христина Каденюк,Завжди свіжі продукти та широкий вибір страв.,5,2023-12-10,Рожище
359,Колос,Марта Демʼяненко,Приємна музика та оригінальний інтер'єр.,1,2023-05-20,Алчевськ
360,Реберня,Галина Стус,Невідповідний сервіс та дорогі ціни на меню.,3,2022-12-13,Хрестівка
361,Друзі,Захар Колесниченко,Швидке приготування та гарний вигляд страв.,4,2023-05-04,Щастя 
362,Сто років тому вперед,Валентина Прокопович,Невідповідний сервіс та дорогі ціни на меню.,4,2023-10-06,Мукачево
363,Всі свої,Богуслава Бандура,Чудова атмосфера та швидке обслуговування.,4,2022-10-18,Володимир-Волинський
364,Всі свої,Святослава Зінченко,Завжди свіжі продукти та широкий вибір страв.,5,2022-12-30,Нова Каховка
365,Shoco,Еріка Василечко,Завжди свіжі продукти та широкий вибір страв.,2,2023-02-22,Бобровиця
366,Друзі,Аліна Теличенко,Смачні страви за доступною ціною.,5,2023-09-12,Жидачів
367,Sowa,Устим Абрамчук,Дуже смачна кухня та привітний персонал.,4,2024-01-28,Верхньодніпровськ
368,Буфет,Вадим Оробець,Не вражений обслуговуванням та якістю їжі.,5,2023-07-12,Луганськ
369,Домашка,Ростислав Кириленко,Приємна музика та оригінальний інтер'єр.,3,2023-01-24,Тальне
370,Shoco,Святослав Єрмоленко,Рекомендую це місце для гарного вечора,5,2022-09-15,Красноград
371,Пузата хата,Емілія Арсенич,Невідповідний сервіс та дорогі ціни на меню.,3,2022-09-08,Прип'ять 
372,Пузата хата,Геннадій Дейнека,Веселе місце для зустрічей та вечірок.,3,2023-07-17,Золотоноша
373,Домашка,Надія Шаповал,Дуже смачна кухня та привітний персонал.,5,2022-02-28,Червоноград
374,Колос,Богуслав Чумаченко,Веселе місце для зустрічей та вечірок.,3,2023-06-26,Рожище
375,Пузата хата,Оксана Коваленко,Не вражений обслуговуванням та якістю їжі.,4,2023-02-02,Хмільник
376,Копальня кави,Софія Шутько,Смачні страви за доступною ціною.,5,2022-09-13,Татарбунари
377,Shoco,Златослава Ковалюк,Рекомендую це місце для гарного вечора,4,2022-08-08,Краматорськ
378,Реберня,Аркадій Вернидуб,Смачні страви за доступною ціною.,1,2022-08-29,Чорноморськ
379,Всі свої,Соломон Безбородьки,Не вражений обслуговуванням та якістю їжі.,1,2022-09-10,Євпаторія
380,Пʼяна вишня,Юстина Усик,Приємна музика та оригінальний інтер'єр.,3,2022-12-13,Монастириська
381,Пузата хата,Богуслав Величко,Дуже смачна кухня та привітний персонал.,2,2022-10-16,Герца
382,Друзі,Лариса Карпа,Рекомендую це місце для гарного вечора,5,2023-06-17,Донецьк
383,Колос,Емілія Оробець,Веселе місце для зустрічей та вечірок.,2,2023-10-13,Гнівань
384,Копальня кави,Златослава Прокопович,Приємна музика та оригінальний інтер'єр.,4,2022-05-29,Валки 
385,Всі свої,Хома Бараник,Веселе місце для зустрічей та вечірок.,2,2023-06-14,Шахтарськ
386,Реберня,Варвара Коваленко,Завжди свіжі продукти та широкий вибір страв.,2,2023-06-29,Ківерці
387,Shoco,Соломон Іваненко,Невідповідний сервіс та дорогі ціни на меню.,5,2023-10-27,Пустомити
388,Копальня кави,Одарка Баштан,Завжди свіжі продукти та широкий вибір страв.,2,2023-05-17,Родинське
389,Пузата хата,Орина Міщенко,Чудова атмосфера та швидке обслуговування.,4,2022-08-06,Ірпінь
390,Львівська майстерня,Алла Демʼянюк,Чудова атмосфера та швидке обслуговування.,4,2023-02-27,Харків
391,Пʼяна вишня,Оксенія Заїка,Смачні страви за доступною ціною.,3,2022-04-02,Ясинувата
392,Shoco,Марʼяна Каденюк,Дуже смачна кухня та привітний персонал.,4,2023-09-15,Баранівка
393,Домашка,Софія Савенко,Рекомендую це місце для гарного вечора,1,2022-10-17,Бровари
394,Shoco,Аркадій Швачко,Завжди свіжі продукти та широкий вибір страв.,3,2023-01-03,Новоград-Волинський
395,Друзі,Петро Щириця,Дуже смачна кухня та привітний персонал.,3,2023-09-20,Чигирин
396,Sowa,Остап Шухевич,Невідповідний сервіс та дорогі ціни на меню.,5,2022-12-04,Вознесенівка
397,Сто років тому вперед,Орест Дробаха,Невідповідний сервіс та дорогі ціни на меню.,2,2023-08-13,Іршава
398,Львівська майстерня,Дарина Дуплій,Приємна музика та оригінальний інтер'єр.,3,2023-07-10,Зіньків
399,Домашка,Богданна Зарудний,Веселе місце для зустрічей та вечірок.,5,2023-12-11,Бахчисарай
400,Shoco,Амвросій Ярема,Не вражений обслуговуванням та якістю їжі.,3,2023-01-15,Оріхів
401,Пʼяна вишня,Еріка Андрійович,Швидке приготування та гарний вигляд страв.,1,2023-08-23,Українка 
402,Пузата хата,Тарас Жук,Швидке приготування та гарний вигляд страв.,0,2023-03-08,Барвінкове
403,Shoco,Борислав Валенко,Чудова атмосфера та швидке обслуговування.,2,2022-03-07,Добропілля
404,Пʼяна вишня,Ада Петренко,Швидке приготування та гарний вигляд страв.,4,2022-08-15,Інкерман
405,Домашка,Костянтин Франчук,Невідповідний сервіс та дорогі ціни на меню.,5,2022-12-11,Джанкой
406,Sowa,Макар Василевич,Чудова атмосфера та швидке обслуговування.,4,2023-10-04,Богуслав
407,Пузата хата,Валерій Саченко,Приємна музика та оригінальний інтер'єр.,1,2023-09-20,Перевальськ
408,Реберня,Євген Тягнибок,Швидке приготування та гарний вигляд страв.,1,2023-08-14,Шпола
409,Буфет,Юхим Козаченко,Завжди свіжі продукти та широкий вибір страв.,3,2023-03-15,Дебальцеве
410,Sowa,Камілла Андрощук,Завжди свіжі продукти та широкий вибір страв.,1,2023-07-31,Полтава
411,Буфет,Юстим Туркало,Приємна музика та оригінальний інтер'єр.,5,2023-04-06,Харків
412,Всі свої,Еріка Токар,Рекомендую це місце для гарного вечора,1,2023-05-27,Татарбунари
413,Реберня,Трохим Авраменко,Смачні страви за доступною ціною.,2,2023-02-01,Іршава
414,Друзі,Трохим Абраменко,Завжди свіжі продукти та широкий вибір страв.,4,2024-01-10,Рожище
415,Домашка,Марія Тригуб,Рекомендую це місце для гарного вечора,5,2022-06-10,Рожище
416,Штрудель,Єфрем Ісаєнко,Швидке приготування та гарний вигляд страв.,4,2023-02-10,Перещепине
417,Львівська мануфактура кави,Орина Ніколюк,Швидке приготування та гарний вигляд страв.,2,2023-10-23,Куп'янськ
418,Друзі,Наталія Балабан,Невідповідний сервіс та дорогі ціни на меню.,1,2022-11-15,Теплодар
419,Пʼяна вишня,Теодор Литвиненко,Не вражений обслуговуванням та якістю їжі.,5,2022-06-19,Олександрія
420,Всі свої,Євген Луценко,Швидке приготування та гарний вигляд страв.,3,2022-11-27,Сміла
421,Shoco,Андрій Шаблій,Веселе місце для зустрічей та вечірок.,5,2023-12-31,Трускавець
422,Sowa,Тетяна Кармалюк,Смачні страви за доступною ціною.,1,2023-03-20,Ялта
423,Shoco,Сергій Алексеєнко,Швидке приготування та гарний вигляд страв.,2,2022-06-18,Дунаївці
424,Домашка,Андрій Яковенко,Завжди свіжі продукти та широкий вибір страв.,3,2023-01-26,Копичинці
425,Всі свої,Альбіна Бабійчук,Приємна музика та оригінальний інтер'єр.,5,2022-04-22,Часів Яр
426,Львівська майстерня,Юхим Овчаренко,Не вражений обслуговуванням та якістю їжі.,4,2023-03-21,Пологи 
427,Пʼяна вишня,Віталій Бабак,Веселе місце для зустрічей та вечірок.,2,2023-11-18,Єнакієве
428,Буфет,Віра Іваничук,Рекомендую це місце для гарного вечора,1,2023-02-03,Севастополь
429,Sowa,Орися Шутько,Веселе місце для зустрічей та вечірок.,4,2023-03-25,Приморськ (Україна)
430,Shoco,Хома Рудько,Рекомендую це місце для гарного вечора,1,2023-12-31,Сіверськ
431,Реберня,Станіслав Бабʼяк,Невідповідний сервіс та дорогі ціни на меню.,2,2023-09-10,Макіївка
432,Пʼяна вишня,Любов Слюсар,Приємна музика та оригінальний інтер'єр.,5,2022-08-08,Сокаль
433,Колос,Богуслава Ґжицький,Невідповідний сервіс та дорогі ціни на меню.,3,2023-08-23,Миргород
434,Сто років тому вперед,Розалія Литвин,Приємна музика та оригінальний інтер'єр.,4,2022-06-14,Моршин
435,Сто років тому вперед,Богуслава Нестайко,Веселе місце для зустрічей та вечірок.,1,2022-09-27,Ковель
436,Друзі,Стефан Рябошапка,Рекомендую це місце для гарного вечора,1,2023-12-18,Олександрівськ
437,Пʼяна вишня,Лілія Дашенко,Веселе місце для зустрічей та вечірок.,1,2023-08-14,Хирів
438,Буфет,Мілена Саєнко,Приємна музика та оригінальний інтер'єр.,5,2022-06-02,Бібрка
439,Штрудель,Пармен Охріменко,Рекомендую це місце для гарного вечора,1,2023-04-05,Гайсин
440,Колос,Алла Балабан,Невідповідний сервіс та дорогі ціни на меню.,1,2022-04-19,Кривий Ріг
441,Штрудель,Орхип Кармалюк,Дуже смачна кухня та привітний персонал.,4,2022-09-16,Ніжин
442,Колос,Богданна Левченко,Смачні страви за доступною ціною.,4,2023-03-14,Гірське
443,Sowa,Богдан Ґоляш,Веселе місце для зустрічей та вечірок.,5,2023-01-09,Хрустальний
444,Домашка,Олекса Штепа,Приємна музика та оригінальний інтер'єр.,1,2023-06-18,Дубляни
445,Буфет,Хома Токар,Не вражений обслуговуванням та якістю їжі.,2,2023-02-01,Дружківка
446,Львівська майстерня,Феофан Вітер,Швидке приготування та гарний вигляд страв.,5,2023-10-05,Єнакієве
447,Реберня,Марія Терещук,Рекомендую це місце для гарного вечора,1,2022-11-14,Прилуки
448,Пʼяна вишня,Маруся Забара,Веселе місце для зустрічей та вечірок.,1,2023-01-09,Чернівці
449,Буфет,Надія Шовкопляс,Смачні страви за доступною ціною.,2,2024-01-17,Сколе
450,Пʼяна вишня,Софія Забарний,Веселе місце для зустрічей та вечірок.,1,2023-10-26,Рава-Руська
451,Shoco,Соломія Харченко,Чудова атмосфера та швидке обслуговування.,5,2023-06-23,Бібрка
452,Друзі,Софія Шаблій,Не вражений обслуговуванням та якістю їжі.,2,2023-06-18,Теплодар
453,Пʼяна вишня,Марина Тесля,Рекомендую це місце для гарного вечора,2,2023-09-17,Полтава
454,Пузата хата,Марина Приходько,Не вражений обслуговуванням та якістю їжі.,4,2023-08-27,Ізюм
455,Домашка,Марина Безбородьки,Чудова атмосфера та швидке обслуговування.,2,2022-11-23,Первомайськ
456,Друзі,Клавдія Шахрай,Рекомендую це місце для гарного вечора,5,2022-06-04,Сміла
457,Львівська мануфактура кави,Тетяна Демиденко,Чудова атмосфера та швидке обслуговування.,2,2024-01-04,Хрустальний
458,Пʼяна вишня,Амвросій Алексеєнко,Не вражений обслуговуванням та якістю їжі.,5,2023-05-17,Приморськ (Україна)
459,Пʼяна вишня,Климент Рябовіл,Не вражений обслуговуванням та якістю їжі.,2,2024-01-20,Валки 
460,Сто років тому вперед,Давид Конопленко,Приємна музика та оригінальний інтер'єр.,3,2023-08-27,Подільськ
461,Реберня,Варфоломій Калениченко,Смачні страви за доступною ціною.,3,2022-05-10,Кам'янець-Подільський
462,Sowa,Степан Гузь,Невідповідний сервіс та дорогі ціни на меню.,1,2023-08-24,Кривий Ріг
463,Всі свої,Володимир Жаліло,Рекомендую це місце для гарного вечора,5,2023-12-17,Сокиряни
464,Штрудель,Орися Рубан,Смачні страви за доступною ціною.,4,2023-07-02,Буча
465,Shoco,Марина Якименко,Дуже смачна кухня та привітний персонал.,1,2022-11-19,Миронівка
466,Львівська мануфактура кави,Аліна Свириденко,Смачні страви за доступною ціною.,4,2024-01-11,Ямпіль
467,Всі свої,Остап Гавриш,Рекомендую це місце для гарного вечора,2,2023-03-09,Хоростків
468,Домашка,Марина Андрієвич,Швидке приготування та гарний вигляд страв.,4,2024-01-25,Кривий Ріг
469,Пʼяна вишня,Світлана Гавришкевич,Смачні страви за доступною ціною.,2,2023-01-27,Вінниця
470,Копальня кави,Пріска Цимбалюк,Невідповідний сервіс та дорогі ціни на меню.,3,2023-12-21,Вараш
471,Всі свої,Герман Фурс,Веселе місце для зустрічей та вечірок.,1,2023-03-15,Горлівка
472,Друзі,Петро Наливайко,Смачні страви за доступною ціною.,1,2022-08-15,Краматорськ
473,Сто років тому вперед,Григорій Власенко,Смачні страви за доступною ціною.,5,2023-11-18,Іршава
474,Львівська майстерня,Федір Єсипенко,Приємна музика та оригінальний інтер'єр.,2,2023-09-30,Берестечко
475,Реберня,Галина Іванченко,Дуже смачна кухня та привітний персонал.,4,2022-04-26,Красноград
476,Реберня,Еріка Євдокименко,Дуже смачна кухня та привітний персонал.,4,2023-01-05,Костянтинівка
477,Львівська майстерня,Богдан Панчук,Веселе місце для зустрічей та вечірок.,5,2023-07-11,Енергодар
478,Сто років тому вперед,Остап Асаула,Чудова атмосфера та швидке обслуговування.,5,2022-08-24,Звенигородка
479,Пʼяна вишня,Василь Воблий,Приємна музика та оригінальний інтер'єр.,5,2022-06-29,Ужгород
480,Друзі,Ольга Франко,Приємна музика та оригінальний інтер'єр.,4,2023-06-15,Українськ
481,Друзі,Оксенія Демʼянчук,Дуже смачна кухня та привітний персонал.,3,2022-07-25,Рубіжне
482,Колос,Варвара Габелко,Рекомендую це місце для гарного вечора,2,2024-01-02,Горохів
483,Львівська майстерня,Кирило Шило,Завжди свіжі продукти та широкий вибір страв.,1,2022-03-29,Узин
484,Shoco,Оксана Якимчук,Веселе місце для зустрічей та вечірок.,3,2022-10-06,Дружківка
485,Всі свої,Устим Іщак,Дуже смачна кухня та привітний персонал.,1,2023-07-01,Новогродівка
486,Колос,Устим Примаченко,Приємна музика та оригінальний інтер'єр.,3,2022-06-07,Кам'янка-Дніпровська
487,Друзі,Галина Свистун,Смачні страви за доступною ціною.,1,2023-04-02,Ірпінь
488,Сто років тому вперед,Мілена Базавлученко,Веселе місце для зустрічей та вечірок.,2,2022-04-07,Васильків
489,Реберня,Віктор Данильчук,Швидке приготування та гарний вигляд страв.,5,2022-03-21,Жидачів
490,Колос,Климент Шаповал,Приємна музика та оригінальний інтер'єр.,3,2023-10-23,Іловайськ
491,Колос,Марко Габелко,Завжди свіжі продукти та широкий вибір страв.,5,2023-07-20,Житомир
492,Буфет,Руслан Сірченко,Швидке приготування та гарний вигляд страв.,5,2023-08-02,Ірміно
493,Буфет,Розалія Джус,Рекомендую це місце для гарного вечора,1,2023-03-05,Могилів-Подільський
494,Сто років тому вперед,Соломія Андріїшин,Не вражений обслуговуванням та якістю їжі.,4,2022-08-21,Миронівка
495,Копальня кави,Адам Штокало,Смачні страви за доступною ціною.,3,2023-01-12,Енергодар
496,Львівська майстерня,Яків Євдокименко,Приємна музика та оригінальний інтер'єр.,4,2022-04-04,Світлодарськ
497,Друзі,Орися Зінчук,Завжди свіжі продукти та широкий вибір страв.,3,2022-03-05,Пустомити
498,Друзі,Богдан Цюпа,Не вражений обслуговуванням та якістю їжі.,5,2023-05-17,Славута
499,Shoco,Орхип Талан,Смачні страви за доступною ціною.,1,2022-10-01,Новоукраїнка
